,subject_id,channel,band,psd_ratio,genotype
0,b1c3.1,A1_L,$\alpha$,1.2476378982380099,3xTg
1,b1c3.1,A1_L,$\beta$,1.4982916804062956,3xTg
2,b1c3.1,A1_L,$\delta$,1.3462135420278898,3xTg
3,b1c3.1,A1_L,$\gamma$,1.5495830898062173,3xTg
4,b1c3.1,A1_L,$\theta$,1.1621539874130007,3xTg
5,b1c3.1,A1_R,$\alpha$,1.2539990174886622,3xTg
6,b1c3.1,A1_R,$\beta$,1.4714680119973782,3xTg
7,b1c3.1,A1_R,$\delta$,1.3866067351130196,3xTg
8,b1c3.1,A1_R,$\gamma$,1.5513914200589167,3xTg
9,b1c3.1,A1_R,$\theta$,1.1768038995520365,3xTg
10,b1c3.1,ACA_R,$\alpha$,1.3064506669186213,3xTg
11,b1c3.1,ACA_R,$\beta$,1.5080278821864963,3xTg
12,b1c3.1,ACA_R,$\delta$,1.3603291803754234,3xTg
13,b1c3.1,ACA_R,$\gamma$,1.6021310124385382,3xTg
14,b1c3.1,ACA_R,$\theta$,1.181234583827039,3xTg
15,b1c3.1,AI_L,$\alpha$,1.28556821336,3xTg
16,b1c3.1,AI_L,$\beta$,1.430351553011988,3xTg
17,b1c3.1,AI_L,$\delta$,1.292754425210395,3xTg
18,b1c3.1,AI_L,$\gamma$,1.5931394414802837,3xTg
19,b1c3.1,AI_L,$\theta$,1.1775363890106094,3xTg
20,b1c3.1,AI_R,$\alpha$,1.355992419716845,3xTg
21,b1c3.1,AI_R,$\beta$,1.4715051325307185,3xTg
22,b1c3.1,AI_R,$\delta$,1.38389581261115,3xTg
23,b1c3.1,AI_R,$\gamma$,1.2595594209177552,3xTg
24,b1c3.1,AI_R,$\theta$,1.2025863344619978,3xTg
25,b1c3.1,PCA_R,$\alpha$,1.278545425133268,3xTg
26,b1c3.1,PCA_R,$\beta$,1.4658611215861408,3xTg
27,b1c3.1,PCA_R,$\delta$,1.3528085541278208,3xTg
28,b1c3.1,PCA_R,$\gamma$,1.5015767084286142,3xTg
29,b1c3.1,PCA_R,$\theta$,1.1684186885003949,3xTg
30,b1c3.1,PMC_R,$\alpha$,1.2909640977596237,3xTg
31,b1c3.1,PMC_R,$\beta$,1.4779274265235396,3xTg
32,b1c3.1,PMC_R,$\delta$,1.3641052967026077,3xTg
33,b1c3.1,PMC_R,$\gamma$,1.5958081549842378,3xTg
34,b1c3.1,PMC_R,$\theta$,1.17158121974577,3xTg
35,b1c3.1,S1_L,$\alpha$,1.274460643391058,3xTg
36,b1c3.1,S1_L,$\beta$,1.50554120207098,3xTg
37,b1c3.1,S1_L,$\delta$,1.334805415649593,3xTg
38,b1c3.1,S1_L,$\gamma$,1.4424342703998108,3xTg
39,b1c3.1,S1_L,$\theta$,1.1597704093791346,3xTg
40,b1c3.2,A1_L,$\alpha$,0.8065756819665408,3xTg
41,b1c3.2,A1_L,$\beta$,0.971480047420858,3xTg
42,b1c3.2,A1_L,$\delta$,0.9332895581749647,3xTg
43,b1c3.2,A1_L,$\gamma$,1.0266304380367561,3xTg
44,b1c3.2,A1_L,$\theta$,0.7622860678307957,3xTg
45,b1c3.2,A1_R,$\alpha$,0.7973966985340251,3xTg
46,b1c3.2,A1_R,$\beta$,0.908899236193494,3xTg
47,b1c3.2,A1_R,$\delta$,0.9332474959563489,3xTg
48,b1c3.2,A1_R,$\gamma$,1.1793626781593456,3xTg
49,b1c3.2,A1_R,$\theta$,0.7514554955254699,3xTg
50,b1c3.2,ACA_R,$\alpha$,0.7597346631598532,3xTg
51,b1c3.2,ACA_R,$\beta$,0.9283268852906593,3xTg
52,b1c3.2,ACA_R,$\delta$,0.9188374547785013,3xTg
53,b1c3.2,ACA_R,$\gamma$,1.0805542720100454,3xTg
54,b1c3.2,ACA_R,$\theta$,0.7575593928561071,3xTg
55,b1c3.2,AI_L,$\alpha$,0.8329649175654698,3xTg
56,b1c3.2,AI_L,$\beta$,1.026845459117524,3xTg
57,b1c3.2,AI_L,$\delta$,1.279259929196188,3xTg
58,b1c3.2,AI_L,$\gamma$,1.05757194531376,3xTg
59,b1c3.2,AI_L,$\theta$,0.7959066517789546,3xTg
60,b1c3.2,AI_R,$\alpha$,0.7684754967119702,3xTg
61,b1c3.2,AI_R,$\beta$,0.9062308883036763,3xTg
62,b1c3.2,AI_R,$\delta$,0.912998409016017,3xTg
63,b1c3.2,AI_R,$\gamma$,1.0506313868733876,3xTg
64,b1c3.2,AI_R,$\theta$,0.7873514720942318,3xTg
65,b1c3.2,PCA_R,$\alpha$,0.91477239922548,3xTg
66,b1c3.2,PCA_R,$\beta$,0.8825717581453051,3xTg
67,b1c3.2,PCA_R,$\delta$,0.9155231461568478,3xTg
68,b1c3.2,PCA_R,$\gamma$,1.0307658182934043,3xTg
69,b1c3.2,PCA_R,$\theta$,0.8001210126594428,3xTg
70,b1c3.2,PMC_R,$\alpha$,0.7946032286430649,3xTg
71,b1c3.2,PMC_R,$\beta$,0.9418580109239663,3xTg
72,b1c3.2,PMC_R,$\delta$,0.9743654111949339,3xTg
73,b1c3.2,PMC_R,$\gamma$,1.0604210973915518,3xTg
74,b1c3.2,PMC_R,$\theta$,0.8068360547354614,3xTg
75,b1c3.2,S1_L,$\alpha$,0.8289492491342013,3xTg
76,b1c3.2,S1_L,$\beta$,0.9391527023933807,3xTg
77,b1c3.2,S1_L,$\delta$,0.9219757875753984,3xTg
78,b1c3.2,S1_L,$\gamma$,1.0314487519383129,3xTg
79,b1c3.2,S1_L,$\theta$,0.7778284199495664,3xTg
80,b1c3.3,A1_L,$\alpha$,0.9570973118794773,3xTg
81,b1c3.3,A1_L,$\beta$,1.095441619821958,3xTg
82,b1c3.3,A1_L,$\delta$,1.1383078731899174,3xTg
83,b1c3.3,A1_L,$\gamma$,1.0135389110993038,3xTg
84,b1c3.3,A1_L,$\theta$,0.8828995705460696,3xTg
85,b1c3.3,A1_R,$\alpha$,0.8853287655032538,3xTg
86,b1c3.3,A1_R,$\beta$,1.0823374993467112,3xTg
87,b1c3.3,A1_R,$\delta$,1.1810982096343852,3xTg
88,b1c3.3,A1_R,$\gamma$,0.9877509138457407,3xTg
89,b1c3.3,A1_R,$\theta$,0.8530639333011709,3xTg
90,b1c3.3,ACA_R,$\alpha$,0.8592757941974325,3xTg
91,b1c3.3,ACA_R,$\beta$,1.0876271169632508,3xTg
92,b1c3.3,ACA_R,$\delta$,1.1588615835144032,3xTg
93,b1c3.3,ACA_R,$\gamma$,0.9570134795710185,3xTg
94,b1c3.3,ACA_R,$\theta$,0.8357945619650733,3xTg
95,b1c3.3,AI_L,$\alpha$,0.9297971656021508,3xTg
96,b1c3.3,AI_L,$\beta$,0.9767749514173144,3xTg
97,b1c3.3,AI_L,$\delta$,0.9255256837568852,3xTg
98,b1c3.3,AI_L,$\gamma$,0.8761683342858781,3xTg
99,b1c3.3,AI_L,$\theta$,0.8574936709195399,3xTg
100,b1c3.3,AI_R,$\alpha$,0.8521197222036065,3xTg
101,b1c3.3,AI_R,$\beta$,1.0769384602674423,3xTg
102,b1c3.3,AI_R,$\delta$,1.129877799308207,3xTg
103,b1c3.3,AI_R,$\gamma$,0.9796152739288622,3xTg
104,b1c3.3,AI_R,$\theta$,0.8336132940908445,3xTg
105,b1c3.3,PCA_R,$\alpha$,0.9028651074700127,3xTg
106,b1c3.3,PCA_R,$\beta$,1.043136734678948,3xTg
107,b1c3.3,PCA_R,$\delta$,1.1360733600545785,3xTg
108,b1c3.3,PCA_R,$\gamma$,1.0015444940805815,3xTg
109,b1c3.3,PCA_R,$\theta$,0.8610663650930745,3xTg
110,b1c3.3,PMC_R,$\alpha$,0.850148560567469,3xTg
111,b1c3.3,PMC_R,$\beta$,1.0842833866748391,3xTg
112,b1c3.3,PMC_R,$\delta$,1.1358474439529025,3xTg
113,b1c3.3,PMC_R,$\gamma$,0.9700924095865961,3xTg
114,b1c3.3,PMC_R,$\theta$,0.8276899574887517,3xTg
115,b1c3.3,S1_L,$\alpha$,0.8981422256188815,3xTg
116,b1c3.3,S1_L,$\beta$,1.0566535570303894,3xTg
117,b1c3.3,S1_L,$\delta$,1.1217773638479744,3xTg
118,b1c3.3,S1_L,$\gamma$,0.9816546692888996,3xTg
119,b1c3.3,S1_L,$\theta$,0.8790292468301419,3xTg
120,b1c3.4,A1_L,$\alpha$,1.1067503050270961,3xTg
121,b1c3.4,A1_L,$\beta$,1.1623105917667003,3xTg
122,b1c3.4,A1_L,$\delta$,1.0938482689220406,3xTg
123,b1c3.4,A1_L,$\gamma$,1.046516318994676,3xTg
124,b1c3.4,A1_L,$\theta$,1.1147018759509797,3xTg
125,b1c3.4,A1_R,$\alpha$,1.2116732191073456,3xTg
126,b1c3.4,A1_R,$\beta$,1.258352321185723,3xTg
127,b1c3.4,A1_R,$\delta$,1.1695762466875381,3xTg
128,b1c3.4,A1_R,$\gamma$,1.024495901201455,3xTg
129,b1c3.4,A1_R,$\theta$,1.2012612858744482,3xTg
130,b1c3.4,ACA_R,$\alpha$,1.226155607258207,3xTg
131,b1c3.4,ACA_R,$\beta$,1.3378687608391833,3xTg
132,b1c3.4,ACA_R,$\delta$,1.4734638292723352,3xTg
133,b1c3.4,ACA_R,$\gamma$,1.0434519117581933,3xTg
134,b1c3.4,ACA_R,$\theta$,1.0886029029016966,3xTg
135,b1c3.4,AI_L,$\alpha$,1.0130504941205074,3xTg
136,b1c3.4,AI_L,$\beta$,1.017970706845648,3xTg
137,b1c3.4,AI_L,$\delta$,0.8404932104699127,3xTg
138,b1c3.4,AI_L,$\gamma$,0.99994674748379,3xTg
139,b1c3.4,AI_L,$\theta$,1.0535706301829275,3xTg
140,b1c3.4,AI_R,$\alpha$,1.1963758450394946,3xTg
141,b1c3.4,AI_R,$\beta$,1.2945988604492706,3xTg
142,b1c3.4,AI_R,$\delta$,1.0994684615228854,3xTg
143,b1c3.4,AI_R,$\gamma$,1.0527466278539575,3xTg
144,b1c3.4,AI_R,$\theta$,1.1791029399758473,3xTg
145,b1c3.4,PCA_R,$\alpha$,1.0761553545417688,3xTg
146,b1c3.4,PCA_R,$\beta$,1.1619731953411196,3xTg
147,b1c3.4,PCA_R,$\delta$,1.728212145125503,3xTg
148,b1c3.4,PCA_R,$\gamma$,1.01307475862627,3xTg
149,b1c3.4,PCA_R,$\theta$,1.1046624802888425,3xTg
150,b1c3.4,PMC_R,$\alpha$,1.2128951183805052,3xTg
151,b1c3.4,PMC_R,$\beta$,1.3596175307357703,3xTg
152,b1c3.4,PMC_R,$\delta$,1.102592429082567,3xTg
153,b1c3.4,PMC_R,$\gamma$,1.0850221129607596,3xTg
154,b1c3.4,PMC_R,$\theta$,1.1884282877927559,3xTg
155,b1c3.4,S1_L,$\alpha$,1.1496681062022105,3xTg
156,b1c3.4,S1_L,$\beta$,1.1089217687380593,3xTg
157,b1c3.4,S1_L,$\delta$,1.1374749984689112,3xTg
158,b1c3.4,S1_L,$\gamma$,1.021937603376784,3xTg
159,b1c3.4,S1_L,$\theta$,1.137046485275313,3xTg
160,b1c4.1,A1_L,$\alpha$,0.8482438304682594,Ntg
161,b1c4.1,A1_L,$\beta$,0.9013578999083158,Ntg
162,b1c4.1,A1_L,$\delta$,0.6671998361812035,Ntg
163,b1c4.1,A1_L,$\gamma$,1.071852645672871,Ntg
164,b1c4.1,A1_L,$\theta$,1.094993977884086,Ntg
165,b1c4.1,A1_R,$\alpha$,0.8499277845450278,Ntg
166,b1c4.1,A1_R,$\beta$,0.9683835547649221,Ntg
167,b1c4.1,A1_R,$\delta$,0.6925566905175552,Ntg
168,b1c4.1,A1_R,$\gamma$,1.1066241953303686,Ntg
169,b1c4.1,A1_R,$\theta$,1.0462203109892916,Ntg
170,b1c4.1,ACA_R,$\alpha$,0.7904702920652379,Ntg
171,b1c4.1,ACA_R,$\beta$,0.9366276494383539,Ntg
172,b1c4.1,ACA_R,$\delta$,0.7105491430661478,Ntg
173,b1c4.1,ACA_R,$\gamma$,0.9881432724780544,Ntg
174,b1c4.1,ACA_R,$\theta$,0.8709343113965174,Ntg
175,b1c4.1,AI_L,$\alpha$,0.7993236073389343,Ntg
176,b1c4.1,AI_L,$\beta$,0.9908474319542371,Ntg
177,b1c4.1,AI_L,$\delta$,0.7126165100548058,Ntg
178,b1c4.1,AI_L,$\gamma$,1.0549699936680552,Ntg
179,b1c4.1,AI_L,$\theta$,0.9254742362937556,Ntg
180,b1c4.1,AI_R,$\alpha$,0.8618193588476007,Ntg
181,b1c4.1,AI_R,$\beta$,0.9789114065617177,Ntg
182,b1c4.1,AI_R,$\delta$,0.6337248554812712,Ntg
183,b1c4.1,AI_R,$\gamma$,1.0478164780835826,Ntg
184,b1c4.1,AI_R,$\theta$,1.0141546290608567,Ntg
185,b1c4.1,PCA_R,$\alpha$,0.7845493902081074,Ntg
186,b1c4.1,PCA_R,$\beta$,0.8408761066653399,Ntg
187,b1c4.1,PCA_R,$\delta$,0.6559696823510216,Ntg
188,b1c4.1,PCA_R,$\gamma$,0.9373906915683762,Ntg
189,b1c4.1,PCA_R,$\theta$,0.9488631735972508,Ntg
190,b1c4.1,PMC_R,$\alpha$,0.7835697893648153,Ntg
191,b1c4.1,PMC_R,$\beta$,0.8876924070852279,Ntg
192,b1c4.1,PMC_R,$\delta$,0.62806736021907,Ntg
193,b1c4.1,PMC_R,$\gamma$,1.0352624480509762,Ntg
194,b1c4.1,PMC_R,$\theta$,0.9486725356153284,Ntg
195,b1c4.1,S1_L,$\alpha$,0.7804191115235112,Ntg
196,b1c4.1,S1_L,$\beta$,0.9504898147343376,Ntg
197,b1c4.1,S1_L,$\delta$,0.6598753838906176,Ntg
198,b1c4.1,S1_L,$\gamma$,1.0482254528312276,Ntg
199,b1c4.1,S1_L,$\theta$,1.0318153633470049,Ntg
200,b1c4.2,A1_L,$\alpha$,1.0357113782055207,Ntg
201,b1c4.2,A1_L,$\beta$,1.1168282817025759,Ntg
202,b1c4.2,A1_L,$\delta$,0.551789070884794,Ntg
203,b1c4.2,A1_L,$\gamma$,1.00540987971891,Ntg
204,b1c4.2,A1_L,$\theta$,1.0119315956861947,Ntg
205,b1c4.2,A1_R,$\alpha$,1.1035088610157187,Ntg
206,b1c4.2,A1_R,$\beta$,1.2363121120789742,Ntg
207,b1c4.2,A1_R,$\delta$,0.6315682964794216,Ntg
208,b1c4.2,A1_R,$\gamma$,1.0828162411872102,Ntg
209,b1c4.2,A1_R,$\theta$,1.1096302878808626,Ntg
210,b1c4.2,ACA_R,$\alpha$,1.0515034117590978,Ntg
211,b1c4.2,ACA_R,$\beta$,1.1215948146276613,Ntg
212,b1c4.2,ACA_R,$\delta$,0.9166954922422571,Ntg
213,b1c4.2,ACA_R,$\gamma$,1.0414628513107909,Ntg
214,b1c4.2,ACA_R,$\theta$,1.0516214217512347,Ntg
215,b1c4.2,AI_L,$\alpha$,0.8353805143888501,Ntg
216,b1c4.2,AI_L,$\beta$,0.8216225836861814,Ntg
217,b1c4.2,AI_L,$\delta$,0.4757815811963515,Ntg
218,b1c4.2,AI_L,$\gamma$,1.003942184474971,Ntg
219,b1c4.2,AI_L,$\theta$,0.5604926779820972,Ntg
220,b1c4.2,AI_R,$\alpha$,1.0693247925093965,Ntg
221,b1c4.2,AI_R,$\beta$,1.106227458839434,Ntg
222,b1c4.2,AI_R,$\delta$,0.7197513416739051,Ntg
223,b1c4.2,AI_R,$\gamma$,0.9655555300121728,Ntg
224,b1c4.2,AI_R,$\theta$,0.9591636640985625,Ntg
225,b1c4.2,PCA_R,$\alpha$,1.1293500988537921,Ntg
226,b1c4.2,PCA_R,$\beta$,1.1424482086080892,Ntg
227,b1c4.2,PCA_R,$\delta$,0.7453160807504613,Ntg
228,b1c4.2,PCA_R,$\gamma$,1.0286095770362735,Ntg
229,b1c4.2,PCA_R,$\theta$,1.0454187948383011,Ntg
230,b1c4.2,PMC_R,$\alpha$,1.0327685792097985,Ntg
231,b1c4.2,PMC_R,$\beta$,1.1159364193318935,Ntg
232,b1c4.2,PMC_R,$\delta$,0.8636330618981122,Ntg
233,b1c4.2,PMC_R,$\gamma$,1.019409370984631,Ntg
234,b1c4.2,PMC_R,$\theta$,1.0361055555155083,Ntg
235,b1c4.2,S1_L,$\alpha$,1.0758326236220819,Ntg
236,b1c4.2,S1_L,$\beta$,1.1474893693132586,Ntg
237,b1c4.2,S1_L,$\delta$,0.5834488073394163,Ntg
238,b1c4.2,S1_L,$\gamma$,1.1112468761806689,Ntg
239,b1c4.2,S1_L,$\theta$,1.0213624288083292,Ntg
240,b1c4.3,A1_L,$\alpha$,0.518316470686688,Ntg
241,b1c4.3,A1_L,$\beta$,0.55053566989376,Ntg
242,b1c4.3,A1_L,$\delta$,0.5964358608857374,Ntg
243,b1c4.3,A1_L,$\gamma$,0.807379802452542,Ntg
244,b1c4.3,A1_L,$\theta$,0.5322859359711106,Ntg
245,b1c4.3,A1_R,$\alpha$,0.5138020752631227,Ntg
246,b1c4.3,A1_R,$\beta$,0.5503088402194989,Ntg
247,b1c4.3,A1_R,$\delta$,0.5921529484251545,Ntg
248,b1c4.3,A1_R,$\gamma$,0.8283588600580611,Ntg
249,b1c4.3,A1_R,$\theta$,0.5257577511392547,Ntg
250,b1c4.3,ACA_R,$\alpha$,0.5175878309774025,Ntg
251,b1c4.3,ACA_R,$\beta$,0.5559623122138891,Ntg
252,b1c4.3,ACA_R,$\delta$,0.6099200189583854,Ntg
253,b1c4.3,ACA_R,$\gamma$,0.8104229040356111,Ntg
254,b1c4.3,ACA_R,$\theta$,0.5367804758405235,Ntg
255,b1c4.3,AI_L,$\alpha$,0.5147439290302669,Ntg
256,b1c4.3,AI_L,$\beta$,0.5508074303524977,Ntg
257,b1c4.3,AI_L,$\delta$,0.5936391563933081,Ntg
258,b1c4.3,AI_L,$\gamma$,0.8306872513682012,Ntg
259,b1c4.3,AI_L,$\theta$,0.5321999329740917,Ntg
260,b1c4.3,AI_R,$\alpha$,0.5171630247812302,Ntg
261,b1c4.3,AI_R,$\beta$,0.5561346784486936,Ntg
262,b1c4.3,AI_R,$\delta$,0.6024614865681582,Ntg
263,b1c4.3,AI_R,$\gamma$,0.842385662541744,Ntg
264,b1c4.3,AI_R,$\theta$,0.5384427208756835,Ntg
265,b1c4.3,PCA_R,$\alpha$,0.5230854852919712,Ntg
266,b1c4.3,PCA_R,$\beta$,0.5560359782412129,Ntg
267,b1c4.3,PCA_R,$\delta$,0.5931054978098363,Ntg
268,b1c4.3,PCA_R,$\gamma$,0.8034184598393874,Ntg
269,b1c4.3,PCA_R,$\theta$,0.5350571710964328,Ntg
270,b1c4.3,PMC_R,$\alpha$,0.5198649299578225,Ntg
271,b1c4.3,PMC_R,$\beta$,0.5508109867277968,Ntg
272,b1c4.3,PMC_R,$\delta$,0.5913246460046501,Ntg
273,b1c4.3,PMC_R,$\gamma$,0.8560665835547546,Ntg
274,b1c4.3,PMC_R,$\theta$,0.5413087244663305,Ntg
275,b1c4.3,S1_L,$\alpha$,0.5187143074104399,Ntg
276,b1c4.3,S1_L,$\beta$,0.5510206875992417,Ntg
277,b1c4.3,S1_L,$\delta$,0.5945084747902388,Ntg
278,b1c4.3,S1_L,$\gamma$,0.8376895026829564,Ntg
279,b1c4.3,S1_L,$\theta$,0.5306864478744276,Ntg
280,b1c4.4,A1_L,$\alpha$,1.093012258588748,Ntg
281,b1c4.4,A1_L,$\beta$,0.9370562552834627,Ntg
282,b1c4.4,A1_L,$\delta$,0.7241819180195819,Ntg
283,b1c4.4,A1_L,$\gamma$,1.0771000442915601,Ntg
284,b1c4.4,A1_L,$\theta$,0.9367140458053101,Ntg
285,b1c4.4,A1_R,$\alpha$,1.1308436848047587,Ntg
286,b1c4.4,A1_R,$\beta$,0.9424653087251149,Ntg
287,b1c4.4,A1_R,$\delta$,0.6751597729795881,Ntg
288,b1c4.4,A1_R,$\gamma$,1.0978217058226427,Ntg
289,b1c4.4,A1_R,$\theta$,0.9691337061850558,Ntg
290,b1c4.4,ACA_R,$\alpha$,0.9482297409438794,Ntg
291,b1c4.4,ACA_R,$\beta$,0.8594892859837149,Ntg
292,b1c4.4,ACA_R,$\delta$,0.783376947455963,Ntg
293,b1c4.4,ACA_R,$\gamma$,1.0784785307753897,Ntg
294,b1c4.4,ACA_R,$\theta$,0.9322098388221165,Ntg
295,b1c4.4,AI_L,$\alpha$,0.9289634068517968,Ntg
296,b1c4.4,AI_L,$\beta$,0.8089956823440615,Ntg
297,b1c4.4,AI_L,$\delta$,0.8173195602486042,Ntg
298,b1c4.4,AI_L,$\gamma$,1.104014353134284,Ntg
299,b1c4.4,AI_L,$\theta$,0.8349810967771034,Ntg
300,b1c4.4,AI_R,$\alpha$,0.9613850494285909,Ntg
301,b1c4.4,AI_R,$\beta$,0.8508348485587954,Ntg
302,b1c4.4,AI_R,$\delta$,0.9151382114213168,Ntg
303,b1c4.4,AI_R,$\gamma$,1.074470402257389,Ntg
304,b1c4.4,AI_R,$\theta$,0.981475277537101,Ntg
305,b1c4.4,PCA_R,$\alpha$,0.9686209069861871,Ntg
306,b1c4.4,PCA_R,$\beta$,0.9145664235561685,Ntg
307,b1c4.4,PCA_R,$\delta$,0.7649668293444186,Ntg
308,b1c4.4,PCA_R,$\gamma$,1.0710926289457137,Ntg
309,b1c4.4,PCA_R,$\theta$,0.9289654818603863,Ntg
310,b1c4.4,PMC_R,$\alpha$,0.952831627279475,Ntg
311,b1c4.4,PMC_R,$\beta$,0.9447269472573453,Ntg
312,b1c4.4,PMC_R,$\delta$,0.8306135041611684,Ntg
313,b1c4.4,PMC_R,$\gamma$,1.0114455270014928,Ntg
314,b1c4.4,PMC_R,$\theta$,0.9370032438181595,Ntg
315,b1c4.4,S1_L,$\alpha$,1.0147728647977834,Ntg
316,b1c4.4,S1_L,$\beta$,0.8637684953372472,Ntg
317,b1c4.4,S1_L,$\delta$,0.7293124571895201,Ntg
318,b1c4.4,S1_L,$\gamma$,1.0384742136690692,Ntg
319,b1c4.4,S1_L,$\theta$,0.8826999547970518,Ntg
320,b2c3.1,A1_L,$\alpha$,1.1757265424590513,3xTg
321,b2c3.1,A1_L,$\beta$,1.1658888054597558,3xTg
322,b2c3.1,A1_L,$\delta$,0.9749422135081263,3xTg
323,b2c3.1,A1_L,$\gamma$,1.0688539305091849,3xTg
324,b2c3.1,A1_L,$\theta$,1.0122370203732336,3xTg
325,b2c3.1,A1_R,$\alpha$,1.109381009241245,3xTg
326,b2c3.1,A1_R,$\beta$,1.14012945315799,3xTg
327,b2c3.1,A1_R,$\delta$,0.95318721088452,3xTg
328,b2c3.1,A1_R,$\gamma$,1.071723703503344,3xTg
329,b2c3.1,A1_R,$\theta$,0.9967036104746001,3xTg
330,b2c3.1,ACA_R,$\alpha$,1.2016952720164298,3xTg
331,b2c3.1,ACA_R,$\beta$,1.0573497810039094,3xTg
332,b2c3.1,ACA_R,$\delta$,0.9393321758265829,3xTg
333,b2c3.1,ACA_R,$\gamma$,1.033332342433706,3xTg
334,b2c3.1,ACA_R,$\theta$,1.1112886447520243,3xTg
335,b2c3.1,AI_L,$\alpha$,1.2433748571684204,3xTg
336,b2c3.1,AI_L,$\beta$,1.1561484962571484,3xTg
337,b2c3.1,AI_L,$\delta$,0.9990276749835139,3xTg
338,b2c3.1,AI_L,$\gamma$,1.0094091762154338,3xTg
339,b2c3.1,AI_L,$\theta$,1.1292174050765578,3xTg
340,b2c3.1,AI_R,$\alpha$,1.1673158984049972,3xTg
341,b2c3.1,AI_R,$\beta$,1.140833201080071,3xTg
342,b2c3.1,AI_R,$\delta$,0.8444747744309314,3xTg
343,b2c3.1,AI_R,$\gamma$,1.0112657454531646,3xTg
344,b2c3.1,AI_R,$\theta$,1.100988563487573,3xTg
345,b2c3.1,PCA_R,$\alpha$,1.1299820861341383,3xTg
346,b2c3.1,PCA_R,$\beta$,1.1705127340353667,3xTg
347,b2c3.1,PCA_R,$\delta$,0.9916846726557441,3xTg
348,b2c3.1,PCA_R,$\gamma$,1.0662198968281207,3xTg
349,b2c3.1,PCA_R,$\theta$,1.0128906298025686,3xTg
350,b2c3.1,PMC_R,$\alpha$,1.1683302519297325,3xTg
351,b2c3.1,PMC_R,$\beta$,1.1250758435038664,3xTg
352,b2c3.1,PMC_R,$\delta$,0.7907822849005162,3xTg
353,b2c3.1,PMC_R,$\gamma$,1.0939852054842099,3xTg
354,b2c3.1,PMC_R,$\theta$,1.095896560311301,3xTg
355,b2c3.1,S1_L,$\alpha$,1.1854323522061196,3xTg
356,b2c3.1,S1_L,$\beta$,1.1842026320623014,3xTg
357,b2c3.1,S1_L,$\delta$,0.996468970459941,3xTg
358,b2c3.1,S1_L,$\gamma$,1.032189506833912,3xTg
359,b2c3.1,S1_L,$\theta$,1.038045952419777,3xTg
360,b2c3.2,A1_L,$\alpha$,0.9212655419934359,3xTg
361,b2c3.2,A1_L,$\beta$,0.8037810906975885,3xTg
362,b2c3.2,A1_L,$\delta$,1.4508571325455437,3xTg
363,b2c3.2,A1_L,$\gamma$,0.9642884469640887,3xTg
364,b2c3.2,A1_L,$\theta$,1.1434228466443084,3xTg
365,b2c3.2,A1_R,$\alpha$,0.9410051691469841,3xTg
366,b2c3.2,A1_R,$\beta$,0.7730611345457719,3xTg
367,b2c3.2,A1_R,$\delta$,1.4579598721797475,3xTg
368,b2c3.2,A1_R,$\gamma$,0.9678477150284743,3xTg
369,b2c3.2,A1_R,$\theta$,1.1734185861691613,3xTg
370,b2c3.2,ACA_R,$\alpha$,0.950668394621073,3xTg
371,b2c3.2,ACA_R,$\beta$,0.86951292759595,3xTg
372,b2c3.2,ACA_R,$\delta$,1.4614701117598399,3xTg
373,b2c3.2,ACA_R,$\gamma$,0.938902034216604,3xTg
374,b2c3.2,ACA_R,$\theta$,1.1302616837170119,3xTg
375,b2c3.2,AI_L,$\alpha$,1.036375719013019,3xTg
376,b2c3.2,AI_L,$\beta$,1.0988813718837531,3xTg
377,b2c3.2,AI_L,$\delta$,1.3800833936693564,3xTg
378,b2c3.2,AI_L,$\gamma$,1.0830283170836867,3xTg
379,b2c3.2,AI_L,$\theta$,1.1606386561122117,3xTg
380,b2c3.2,AI_R,$\alpha$,0.9461614135654184,3xTg
381,b2c3.2,AI_R,$\beta$,0.903342263313083,3xTg
382,b2c3.2,AI_R,$\delta$,1.3206699000417197,3xTg
383,b2c3.2,AI_R,$\gamma$,0.9181569322099733,3xTg
384,b2c3.2,AI_R,$\theta$,1.1205829700656615,3xTg
385,b2c3.2,PCA_R,$\alpha$,0.9040713328181184,3xTg
386,b2c3.2,PCA_R,$\beta$,0.8620927982024188,3xTg
387,b2c3.2,PCA_R,$\delta$,1.438071764320094,3xTg
388,b2c3.2,PCA_R,$\gamma$,0.9250298247569906,3xTg
389,b2c3.2,PCA_R,$\theta$,1.0802976207471202,3xTg
390,b2c3.2,PMC_R,$\alpha$,0.9561544428553536,3xTg
391,b2c3.2,PMC_R,$\beta$,0.9197577750160009,3xTg
392,b2c3.2,PMC_R,$\delta$,1.3148538154976634,3xTg
393,b2c3.2,PMC_R,$\gamma$,0.9681379864439984,3xTg
394,b2c3.2,PMC_R,$\theta$,1.1016536078440615,3xTg
395,b2c3.2,S1_L,$\alpha$,0.9426220054817971,3xTg
396,b2c3.2,S1_L,$\beta$,0.9039303822911123,3xTg
397,b2c3.2,S1_L,$\delta$,1.398023260577733,3xTg
398,b2c3.2,S1_L,$\gamma$,0.9513341906473977,3xTg
399,b2c3.2,S1_L,$\theta$,1.14144245265605,3xTg
400,b2c4.1,A1_L,$\alpha$,0.9200666536809805,Ntg
401,b2c4.1,A1_L,$\beta$,0.8009707110494899,Ntg
402,b2c4.1,A1_L,$\delta$,0.8376258944068015,Ntg
403,b2c4.1,A1_L,$\gamma$,0.9619446733579551,Ntg
404,b2c4.1,A1_L,$\theta$,0.9835640740684429,Ntg
405,b2c4.1,A1_R,$\alpha$,0.984511532195669,Ntg
406,b2c4.1,A1_R,$\beta$,0.8453930940023272,Ntg
407,b2c4.1,A1_R,$\delta$,0.8306609754129632,Ntg
408,b2c4.1,A1_R,$\gamma$,1.0103564478611142,Ntg
409,b2c4.1,A1_R,$\theta$,1.0127454582553819,Ntg
410,b2c4.1,ACA_R,$\alpha$,0.9221910953673845,Ntg
411,b2c4.1,ACA_R,$\beta$,0.8497578242132541,Ntg
412,b2c4.1,ACA_R,$\delta$,0.9023331549615774,Ntg
413,b2c4.1,ACA_R,$\gamma$,0.9526670263788146,Ntg
414,b2c4.1,ACA_R,$\theta$,1.022489435564114,Ntg
415,b2c4.1,AI_L,$\alpha$,0.8459494151764009,Ntg
416,b2c4.1,AI_L,$\beta$,0.836304904140233,Ntg
417,b2c4.1,AI_L,$\delta$,0.713709450945662,Ntg
418,b2c4.1,AI_L,$\gamma$,0.9933906754075238,Ntg
419,b2c4.1,AI_L,$\theta$,0.8988562807304081,Ntg
420,b2c4.1,AI_R,$\alpha$,0.7803573899562783,Ntg
421,b2c4.1,AI_R,$\beta$,0.8268579919946117,Ntg
422,b2c4.1,AI_R,$\delta$,0.6995701721485421,Ntg
423,b2c4.1,AI_R,$\gamma$,0.9978448918556158,Ntg
424,b2c4.1,AI_R,$\theta$,0.8421606535339495,Ntg
425,b2c4.1,PCA_R,$\alpha$,1.0333455820914845,Ntg
426,b2c4.1,PCA_R,$\beta$,0.9538861033475842,Ntg
427,b2c4.1,PCA_R,$\delta$,0.8356562688737411,Ntg
428,b2c4.1,PCA_R,$\gamma$,1.024928194225151,Ntg
429,b2c4.1,PCA_R,$\theta$,1.0312474879031954,Ntg
430,b2c4.1,PMC_R,$\alpha$,0.7710101967626943,Ntg
431,b2c4.1,PMC_R,$\beta$,0.8158805593391335,Ntg
432,b2c4.1,PMC_R,$\delta$,0.7956397385627786,Ntg
433,b2c4.1,PMC_R,$\gamma$,0.9679451447690198,Ntg
434,b2c4.1,PMC_R,$\theta$,0.917404383996434,Ntg
435,b2c4.1,S1_L,$\alpha$,0.9268737989820005,Ntg
436,b2c4.1,S1_L,$\beta$,0.8608684892867732,Ntg
437,b2c4.1,S1_L,$\delta$,0.8815931324283134,Ntg
438,b2c4.1,S1_L,$\gamma$,0.9684625146256741,Ntg
439,b2c4.1,S1_L,$\theta$,0.9750003269861307,Ntg
440,b2c4.2,A1_L,$\alpha$,1.345201508802537,Ntg
441,b2c4.2,A1_L,$\beta$,1.0045477263796234,Ntg
442,b2c4.2,A1_L,$\delta$,1.4920277607722798,Ntg
443,b2c4.2,A1_L,$\gamma$,0.9176643874616076,Ntg
444,b2c4.2,A1_L,$\theta$,1.2892883552147585,Ntg
445,b2c4.2,A1_R,$\alpha$,1.511714171366214,Ntg
446,b2c4.2,A1_R,$\beta$,1.1507003595955625,Ntg
447,b2c4.2,A1_R,$\delta$,1.5191001196575258,Ntg
448,b2c4.2,A1_R,$\gamma$,0.8621485337093618,Ntg
449,b2c4.2,A1_R,$\theta$,1.3968476127483462,Ntg
450,b2c4.2,ACA_R,$\alpha$,1.1074805660508722,Ntg
451,b2c4.2,ACA_R,$\beta$,1.0575393186586934,Ntg
452,b2c4.2,ACA_R,$\delta$,1.3078873064389185,Ntg
453,b2c4.2,ACA_R,$\gamma$,0.9502879821151287,Ntg
454,b2c4.2,ACA_R,$\theta$,1.166229974050153,Ntg
455,b2c4.2,AI_L,$\alpha$,1.0722468126408635,Ntg
456,b2c4.2,AI_L,$\beta$,1.08546865236269,Ntg
457,b2c4.2,AI_L,$\delta$,1.1676695972714362,Ntg
458,b2c4.2,AI_L,$\gamma$,0.9067192374906163,Ntg
459,b2c4.2,AI_L,$\theta$,1.1072492938464258,Ntg
460,b2c4.2,AI_R,$\alpha$,1.146558784187256,Ntg
461,b2c4.2,AI_R,$\beta$,1.077494356877254,Ntg
462,b2c4.2,AI_R,$\delta$,1.1040888748213724,Ntg
463,b2c4.2,AI_R,$\gamma$,0.9526877148711133,Ntg
464,b2c4.2,AI_R,$\theta$,1.119901203825954,Ntg
465,b2c4.2,PCA_R,$\alpha$,1.0728265243026052,Ntg
466,b2c4.2,PCA_R,$\beta$,1.0559398566650469,Ntg
467,b2c4.2,PCA_R,$\delta$,1.0927597180551147,Ntg
468,b2c4.2,PCA_R,$\gamma$,0.9473511061220914,Ntg
469,b2c4.2,PCA_R,$\theta$,1.092726665044028,Ntg
470,b2c4.2,PMC_R,$\alpha$,1.1860044040776379,Ntg
471,b2c4.2,PMC_R,$\beta$,1.1084643209706562,Ntg
472,b2c4.2,PMC_R,$\delta$,1.1931364283879933,Ntg
473,b2c4.2,PMC_R,$\gamma$,1.0122770100047715,Ntg
474,b2c4.2,PMC_R,$\theta$,1.205000382950596,Ntg
475,b2c4.2,S1_L,$\alpha$,1.2035163772672246,Ntg
476,b2c4.2,S1_L,$\beta$,1.028382580977742,Ntg
477,b2c4.2,S1_L,$\delta$,1.3734898703170337,Ntg
478,b2c4.2,S1_L,$\gamma$,0.9362916246272891,Ntg
479,b2c4.2,S1_L,$\theta$,1.1679879788002614,Ntg
480,b2c4.3,A1_L,$\alpha$,1.0708178131901467,Ntg
481,b2c4.3,A1_L,$\beta$,1.1786502213053967,Ntg
482,b2c4.3,A1_L,$\delta$,1.3841478993238334,Ntg
483,b2c4.3,A1_L,$\gamma$,0.9754629901224438,Ntg
484,b2c4.3,A1_L,$\theta$,0.9090439451829802,Ntg
485,b2c4.3,A1_R,$\alpha$,1.0657111454513475,Ntg
486,b2c4.3,A1_R,$\beta$,1.2268778690603248,Ntg
487,b2c4.3,A1_R,$\delta$,1.3597340742610735,Ntg
488,b2c4.3,A1_R,$\gamma$,1.0064203077795117,Ntg
489,b2c4.3,A1_R,$\theta$,0.8928825142581234,Ntg
490,b2c4.3,ACA_R,$\alpha$,1.0492288688621334,Ntg
491,b2c4.3,ACA_R,$\beta$,1.1638741010383158,Ntg
492,b2c4.3,ACA_R,$\delta$,1.4165196727814673,Ntg
493,b2c4.3,ACA_R,$\gamma$,1.009069211585859,Ntg
494,b2c4.3,ACA_R,$\theta$,0.9831719511483298,Ntg
495,b2c4.3,AI_L,$\alpha$,1.1485516893411851,Ntg
496,b2c4.3,AI_L,$\beta$,1.112521892835148,Ntg
497,b2c4.3,AI_L,$\delta$,1.3783964887860323,Ntg
498,b2c4.3,AI_L,$\gamma$,0.9854227179183007,Ntg
499,b2c4.3,AI_L,$\theta$,1.054666651681604,Ntg
500,b2c4.3,AI_R,$\alpha$,1.0711642933299124,Ntg
501,b2c4.3,AI_R,$\beta$,1.122840977197599,Ntg
502,b2c4.3,AI_R,$\delta$,1.3951850707921782,Ntg
503,b2c4.3,AI_R,$\gamma$,1.0072528593187304,Ntg
504,b2c4.3,AI_R,$\theta$,0.983438223502572,Ntg
505,b2c4.3,PCA_R,$\alpha$,1.058280797384499,Ntg
506,b2c4.3,PCA_R,$\beta$,1.0749345667333745,Ntg
507,b2c4.3,PCA_R,$\delta$,1.4212744679039033,Ntg
508,b2c4.3,PCA_R,$\gamma$,0.995917362360185,Ntg
509,b2c4.3,PCA_R,$\theta$,0.968514643090892,Ntg
510,b2c4.3,PMC_R,$\alpha$,1.1091958151093273,Ntg
511,b2c4.3,PMC_R,$\beta$,1.1607346320932024,Ntg
512,b2c4.3,PMC_R,$\delta$,1.4583473982642907,Ntg
513,b2c4.3,PMC_R,$\gamma$,1.0648112093304933,Ntg
514,b2c4.3,PMC_R,$\theta$,0.9939216589649145,Ntg
515,b2c4.3,S1_L,$\alpha$,1.0638039251263378,Ntg
516,b2c4.3,S1_L,$\beta$,1.0893291255354718,Ntg
517,b2c4.3,S1_L,$\delta$,1.425182621888197,Ntg
518,b2c4.3,S1_L,$\gamma$,1.0270727089247316,Ntg
519,b2c4.3,S1_L,$\theta$,0.9741712644918112,Ntg
520,b3c3.1,A1_L,$\alpha$,1.2020892167086894,3xTg
521,b3c3.1,A1_L,$\beta$,1.1522828859927388,3xTg
522,b3c3.1,A1_L,$\delta$,1.4805759207288836,3xTg
523,b3c3.1,A1_L,$\gamma$,1.0878123260485093,3xTg
524,b3c3.1,A1_L,$\theta$,1.7070216229279913,3xTg
525,b3c3.1,A1_R,$\alpha$,1.1700982780506077,3xTg
526,b3c3.1,A1_R,$\beta$,1.142175320469931,3xTg
527,b3c3.1,A1_R,$\delta$,1.4576298663689007,3xTg
528,b3c3.1,A1_R,$\gamma$,1.0279565367955061,3xTg
529,b3c3.1,A1_R,$\theta$,1.6529552086882815,3xTg
530,b3c3.1,ACA_R,$\alpha$,1.2041891404721654,3xTg
531,b3c3.1,ACA_R,$\beta$,1.1470511911192602,3xTg
532,b3c3.1,ACA_R,$\delta$,1.5238843897618246,3xTg
533,b3c3.1,ACA_R,$\gamma$,1.106791718043082,3xTg
534,b3c3.1,ACA_R,$\theta$,1.749102342584308,3xTg
535,b3c3.1,AI_L,$\alpha$,1.2108151232399647,3xTg
536,b3c3.1,AI_L,$\beta$,1.1475567008754262,3xTg
537,b3c3.1,AI_L,$\delta$,1.5395715160448509,3xTg
538,b3c3.1,AI_L,$\gamma$,1.0591338238630676,3xTg
539,b3c3.1,AI_L,$\theta$,1.755419263601922,3xTg
540,b3c3.1,AI_R,$\alpha$,1.1906856235001253,3xTg
541,b3c3.1,AI_R,$\beta$,1.1379797864375871,3xTg
542,b3c3.1,AI_R,$\delta$,1.5304621146671884,3xTg
543,b3c3.1,AI_R,$\gamma$,1.0245147656801612,3xTg
544,b3c3.1,AI_R,$\theta$,1.7431083573853332,3xTg
545,b3c3.1,PCA_R,$\alpha$,1.2288076962708236,3xTg
546,b3c3.1,PCA_R,$\beta$,1.1593877335838192,3xTg
547,b3c3.1,PCA_R,$\delta$,1.517899700680686,3xTg
548,b3c3.1,PCA_R,$\gamma$,1.0691727351465148,3xTg
549,b3c3.1,PCA_R,$\theta$,1.7487302284063426,3xTg
550,b3c3.1,PMC_R,$\alpha$,1.17974447627673,3xTg
551,b3c3.1,PMC_R,$\beta$,1.152288653134647,3xTg
552,b3c3.1,PMC_R,$\delta$,1.4906882595700708,3xTg
553,b3c3.1,PMC_R,$\gamma$,1.1429997698668437,3xTg
554,b3c3.1,PMC_R,$\theta$,1.7178978872822814,3xTg
555,b3c3.1,S1_L,$\alpha$,1.1915111827283622,3xTg
556,b3c3.1,S1_L,$\beta$,1.1509425953067491,3xTg
557,b3c3.1,S1_L,$\delta$,1.5218496862274289,3xTg
558,b3c3.1,S1_L,$\gamma$,1.0782499235337009,3xTg
559,b3c3.1,S1_L,$\theta$,1.7153528610418731,3xTg
560,b3c3.2,A1_L,$\alpha$,1.3316035713184267,3xTg
561,b3c3.2,A1_L,$\beta$,1.1330581175670655,3xTg
562,b3c3.2,A1_L,$\delta$,1.0840491549918214,3xTg
563,b3c3.2,A1_L,$\gamma$,0.9700432615629258,3xTg
564,b3c3.2,A1_L,$\theta$,1.4629105011388148,3xTg
565,b3c3.2,A1_R,$\alpha$,1.3239252736521385,3xTg
566,b3c3.2,A1_R,$\beta$,1.1353670650858911,3xTg
567,b3c3.2,A1_R,$\delta$,1.0792389141199825,3xTg
568,b3c3.2,A1_R,$\gamma$,0.9688509251761289,3xTg
569,b3c3.2,A1_R,$\theta$,1.464044738628075,3xTg
570,b3c3.2,ACA_R,$\alpha$,1.3075549550663235,3xTg
571,b3c3.2,ACA_R,$\beta$,1.1515167761554912,3xTg
572,b3c3.2,ACA_R,$\delta$,1.0845586080989609,3xTg
573,b3c3.2,ACA_R,$\gamma$,0.9865586084364909,3xTg
574,b3c3.2,ACA_R,$\theta$,1.463749494162017,3xTg
575,b3c3.2,AI_L,$\alpha$,1.3023894327094037,3xTg
576,b3c3.2,AI_L,$\beta$,1.1153367832785244,3xTg
577,b3c3.2,AI_L,$\delta$,1.1173183041987598,3xTg
578,b3c3.2,AI_L,$\gamma$,0.9847871578852493,3xTg
579,b3c3.2,AI_L,$\theta$,1.4708575362178025,3xTg
580,b3c3.2,AI_R,$\alpha$,1.3145941840744233,3xTg
581,b3c3.2,AI_R,$\beta$,1.1227915252820313,3xTg
582,b3c3.2,AI_R,$\delta$,1.075712060625791,3xTg
583,b3c3.2,AI_R,$\gamma$,0.9630113565862398,3xTg
584,b3c3.2,AI_R,$\theta$,1.4738188685897353,3xTg
585,b3c3.2,PCA_R,$\alpha$,1.348087447989941,3xTg
586,b3c3.2,PCA_R,$\beta$,1.129659502514357,3xTg
587,b3c3.2,PCA_R,$\delta$,1.1383698051511784,3xTg
588,b3c3.2,PCA_R,$\gamma$,0.9978842128083619,3xTg
589,b3c3.2,PCA_R,$\theta$,1.4987409023685554,3xTg
590,b3c3.2,PMC_R,$\alpha$,1.3104626297960165,3xTg
591,b3c3.2,PMC_R,$\beta$,1.117261347242502,3xTg
592,b3c3.2,PMC_R,$\delta$,1.0945282020218514,3xTg
593,b3c3.2,PMC_R,$\gamma$,0.9754053490314697,3xTg
594,b3c3.2,PMC_R,$\theta$,1.473875797181016,3xTg
595,b3c3.2,S1_L,$\alpha$,1.328310295053035,3xTg
596,b3c3.2,S1_L,$\beta$,1.135202902651123,3xTg
597,b3c3.2,S1_L,$\delta$,1.075699988640194,3xTg
598,b3c3.2,S1_L,$\gamma$,0.9626393359295407,3xTg
599,b3c3.2,S1_L,$\theta$,1.4865111623771863,3xTg
600,b3c3.3,A1_L,$\alpha$,1.1928751715380297,3xTg
601,b3c3.3,A1_L,$\beta$,1.1273658820370065,3xTg
602,b3c3.3,A1_L,$\delta$,1.5573628621445723,3xTg
603,b3c3.3,A1_L,$\gamma$,0.9873003678524384,3xTg
604,b3c3.3,A1_L,$\theta$,1.2991760018826206,3xTg
605,b3c3.3,A1_R,$\alpha$,1.3469949907501273,3xTg
606,b3c3.3,A1_R,$\beta$,1.1515665174690868,3xTg
607,b3c3.3,A1_R,$\delta$,1.5756651479348915,3xTg
608,b3c3.3,A1_R,$\gamma$,0.9692210334051996,3xTg
609,b3c3.3,A1_R,$\theta$,1.428056694510021,3xTg
610,b3c3.3,ACA_R,$\alpha$,1.0742261151153027,3xTg
611,b3c3.3,ACA_R,$\beta$,1.1418980987608573,3xTg
612,b3c3.3,ACA_R,$\delta$,1.5007469453673263,3xTg
613,b3c3.3,ACA_R,$\gamma$,1.0856005711777488,3xTg
614,b3c3.3,ACA_R,$\theta$,1.2082212561559948,3xTg
615,b3c3.3,AI_L,$\alpha$,1.132715146921406,3xTg
616,b3c3.3,AI_L,$\beta$,1.1789109715479997,3xTg
617,b3c3.3,AI_L,$\delta$,1.4685862651490635,3xTg
618,b3c3.3,AI_L,$\gamma$,1.0074404581521375,3xTg
619,b3c3.3,AI_L,$\theta$,1.1077856741728436,3xTg
620,b3c3.3,AI_R,$\alpha$,1.006922562028229,3xTg
621,b3c3.3,AI_R,$\beta$,1.0928778321072519,3xTg
622,b3c3.3,AI_R,$\delta$,1.4591811536993962,3xTg
623,b3c3.3,AI_R,$\gamma$,1.0407005156209788,3xTg
624,b3c3.3,AI_R,$\theta$,1.1279241506313855,3xTg
625,b3c3.3,PCA_R,$\alpha$,1.1984348190339889,3xTg
626,b3c3.3,PCA_R,$\beta$,1.1151122568455094,3xTg
627,b3c3.3,PCA_R,$\delta$,1.484457477110239,3xTg
628,b3c3.3,PCA_R,$\gamma$,1.0718087718292637,3xTg
629,b3c3.3,PCA_R,$\theta$,1.3527940186787364,3xTg
630,b3c3.3,PMC_R,$\alpha$,1.037178861525751,3xTg
631,b3c3.3,PMC_R,$\beta$,1.1058749830558758,3xTg
632,b3c3.3,PMC_R,$\delta$,1.34836057841654,3xTg
633,b3c3.3,PMC_R,$\gamma$,1.0080303524102199,3xTg
634,b3c3.3,PMC_R,$\theta$,1.102760749603124,3xTg
635,b3c3.3,S1_L,$\alpha$,1.2059500842064703,3xTg
636,b3c3.3,S1_L,$\beta$,1.1825808882434232,3xTg
637,b3c3.3,S1_L,$\delta$,1.55970820440075,3xTg
638,b3c3.3,S1_L,$\gamma$,1.050031262861635,3xTg
639,b3c3.3,S1_L,$\theta$,1.2468876997802738,3xTg
640,b3c3.4,A1_L,$\alpha$,0.7703777504976907,3xTg
641,b3c3.4,A1_L,$\beta$,0.7415339507857166,3xTg
642,b3c3.4,A1_L,$\delta$,0.5404712880420337,3xTg
643,b3c3.4,A1_L,$\gamma$,1.0880994109638937,3xTg
644,b3c3.4,A1_L,$\theta$,0.7981453352420327,3xTg
645,b3c3.4,A1_R,$\alpha$,0.7401342080247926,3xTg
646,b3c3.4,A1_R,$\beta$,0.7249132716053065,3xTg
647,b3c3.4,A1_R,$\delta$,0.5480421432801568,3xTg
648,b3c3.4,A1_R,$\gamma$,1.0871124213832046,3xTg
649,b3c3.4,A1_R,$\theta$,0.7671909610305548,3xTg
650,b3c3.4,ACA_R,$\alpha$,0.6283953252489761,3xTg
651,b3c3.4,ACA_R,$\beta$,0.704799909277592,3xTg
652,b3c3.4,ACA_R,$\delta$,0.5683000793806013,3xTg
653,b3c3.4,ACA_R,$\gamma$,0.9917768211127665,3xTg
654,b3c3.4,ACA_R,$\theta$,0.7366450850289216,3xTg
655,b3c3.4,AI_L,$\alpha$,0.6257237935123451,3xTg
656,b3c3.4,AI_L,$\beta$,0.7136205647363445,3xTg
657,b3c3.4,AI_L,$\delta$,0.6353033231677908,3xTg
658,b3c3.4,AI_L,$\gamma$,0.9531371817754866,3xTg
659,b3c3.4,AI_L,$\theta$,0.7348152985705596,3xTg
660,b3c3.4,AI_R,$\alpha$,0.5917569529969275,3xTg
661,b3c3.4,AI_R,$\beta$,0.6918073943905205,3xTg
662,b3c3.4,AI_R,$\delta$,0.5762765903842579,3xTg
663,b3c3.4,AI_R,$\gamma$,0.9918755343716287,3xTg
664,b3c3.4,AI_R,$\theta$,0.6681942098158017,3xTg
665,b3c3.4,PCA_R,$\alpha$,0.7206836704449314,3xTg
666,b3c3.4,PCA_R,$\beta$,0.7253217652434175,3xTg
667,b3c3.4,PCA_R,$\delta$,0.568405513411377,3xTg
668,b3c3.4,PCA_R,$\gamma$,1.003151877950318,3xTg
669,b3c3.4,PCA_R,$\theta$,0.7521564850883204,3xTg
670,b3c3.4,PMC_R,$\alpha$,0.6019602405717513,3xTg
671,b3c3.4,PMC_R,$\beta$,0.6736666285065482,3xTg
672,b3c3.4,PMC_R,$\delta$,0.5524882515035255,3xTg
673,b3c3.4,PMC_R,$\gamma$,0.9803530192700192,3xTg
674,b3c3.4,PMC_R,$\theta$,0.6834872021708427,3xTg
675,b3c3.4,S1_L,$\alpha$,0.6973727058349557,3xTg
676,b3c3.4,S1_L,$\beta$,0.7788015260023599,3xTg
677,b3c3.4,S1_L,$\delta$,0.5456753168279441,3xTg
678,b3c3.4,S1_L,$\gamma$,1.0083231868378684,3xTg
679,b3c3.4,S1_L,$\theta$,0.7653510775305626,3xTg
680,b3c4.1,A1_L,$\alpha$,0.929077626438749,Ntg
681,b3c4.1,A1_L,$\beta$,1.030861936761232,Ntg
682,b3c4.1,A1_L,$\delta$,1.0515980265331848,Ntg
683,b3c4.1,A1_L,$\gamma$,1.0630351862705238,Ntg
684,b3c4.1,A1_L,$\theta$,1.1143314237812183,Ntg
685,b3c4.1,A1_R,$\alpha$,1.012539962091361,Ntg
686,b3c4.1,A1_R,$\beta$,1.0543476382466994,Ntg
687,b3c4.1,A1_R,$\delta$,1.075839488443853,Ntg
688,b3c4.1,A1_R,$\gamma$,0.9720665902800655,Ntg
689,b3c4.1,A1_R,$\theta$,1.2119158572876327,Ntg
690,b3c4.1,ACA_R,$\alpha$,1.0333079879850833,Ntg
691,b3c4.1,ACA_R,$\beta$,1.0953211695428047,Ntg
692,b3c4.1,ACA_R,$\delta$,1.110471402546828,Ntg
693,b3c4.1,ACA_R,$\gamma$,1.001936902201069,Ntg
694,b3c4.1,ACA_R,$\theta$,1.2093201230810433,Ntg
695,b3c4.1,AI_L,$\alpha$,1.018633163504863,Ntg
696,b3c4.1,AI_L,$\beta$,1.051393175317005,Ntg
697,b3c4.1,AI_L,$\delta$,1.0600810973337091,Ntg
698,b3c4.1,AI_L,$\gamma$,0.989179477864287,Ntg
699,b3c4.1,AI_L,$\theta$,1.1440398718572975,Ntg
700,b3c4.1,AI_R,$\alpha$,1.058730373036253,Ntg
701,b3c4.1,AI_R,$\beta$,1.0842238682398262,Ntg
702,b3c4.1,AI_R,$\delta$,1.0542997449400555,Ntg
703,b3c4.1,AI_R,$\gamma$,1.018666119402115,Ntg
704,b3c4.1,AI_R,$\theta$,1.1906968847715103,Ntg
705,b3c4.1,PCA_R,$\alpha$,1.0234077509978399,Ntg
706,b3c4.1,PCA_R,$\beta$,1.0485414896025087,Ntg
707,b3c4.1,PCA_R,$\delta$,1.2456577454989726,Ntg
708,b3c4.1,PCA_R,$\gamma$,1.016939436010831,Ntg
709,b3c4.1,PCA_R,$\theta$,1.2317490535237605,Ntg
710,b3c4.1,PMC_R,$\alpha$,1.1344522524967366,Ntg
711,b3c4.1,PMC_R,$\beta$,1.1335244744687132,Ntg
712,b3c4.1,PMC_R,$\delta$,1.1500984021671623,Ntg
713,b3c4.1,PMC_R,$\gamma$,1.0175458404845639,Ntg
714,b3c4.1,PMC_R,$\theta$,1.3053651116089457,Ntg
715,b3c4.1,S1_L,$\alpha$,0.9964298656895497,Ntg
716,b3c4.1,S1_L,$\beta$,1.0482274481205924,Ntg
717,b3c4.1,S1_L,$\delta$,1.0720446979960936,Ntg
718,b3c4.1,S1_L,$\gamma$,1.0035540216148489,Ntg
719,b3c4.1,S1_L,$\theta$,1.175545286240597,Ntg
720,b3c4.2,A1_L,$\alpha$,0.7801764480898092,Ntg
721,b3c4.2,A1_L,$\beta$,0.9945942095218511,Ntg
722,b3c4.2,A1_L,$\delta$,0.9360551540814829,Ntg
723,b3c4.2,A1_L,$\gamma$,1.0837549899939145,Ntg
724,b3c4.2,A1_L,$\theta$,1.029547824807631,Ntg
725,b3c4.2,A1_R,$\alpha$,0.7870198112144451,Ntg
726,b3c4.2,A1_R,$\beta$,1.0035786892256215,Ntg
727,b3c4.2,A1_R,$\delta$,1.027447795021009,Ntg
728,b3c4.2,A1_R,$\gamma$,1.1219499519826677,Ntg
729,b3c4.2,A1_R,$\theta$,1.2245275149751957,Ntg
730,b3c4.2,ACA_R,$\alpha$,0.8582498016616331,Ntg
731,b3c4.2,ACA_R,$\beta$,0.8958864774181324,Ntg
732,b3c4.2,ACA_R,$\delta$,1.0108795246451836,Ntg
733,b3c4.2,ACA_R,$\gamma$,1.0453626984216262,Ntg
734,b3c4.2,ACA_R,$\theta$,1.1906522439206788,Ntg
735,b3c4.2,AI_L,$\alpha$,0.7776300847919575,Ntg
736,b3c4.2,AI_L,$\beta$,0.7491508731896239,Ntg
737,b3c4.2,AI_L,$\delta$,1.19910653551818,Ntg
738,b3c4.2,AI_L,$\gamma$,1.0255320639349035,Ntg
739,b3c4.2,AI_L,$\theta$,1.1418239935085213,Ntg
740,b3c4.2,AI_R,$\alpha$,0.8860773400234404,Ntg
741,b3c4.2,AI_R,$\beta$,0.7732336707954752,Ntg
742,b3c4.2,AI_R,$\delta$,1.0817265198271375,Ntg
743,b3c4.2,AI_R,$\gamma$,1.0212989755973259,Ntg
744,b3c4.2,AI_R,$\theta$,1.2545263955152741,Ntg
745,b3c4.2,PCA_R,$\alpha$,0.7865436777650385,Ntg
746,b3c4.2,PCA_R,$\beta$,0.9213504311843581,Ntg
747,b3c4.2,PCA_R,$\delta$,1.1597022348917563,Ntg
748,b3c4.2,PCA_R,$\gamma$,1.0128020171298504,Ntg
749,b3c4.2,PCA_R,$\theta$,0.9491358266587119,Ntg
750,b3c4.2,PMC_R,$\alpha$,0.7862060146112281,Ntg
751,b3c4.2,PMC_R,$\beta$,0.9292705673515118,Ntg
752,b3c4.2,PMC_R,$\delta$,1.207832050934277,Ntg
753,b3c4.2,PMC_R,$\gamma$,1.0752813391088136,Ntg
754,b3c4.2,PMC_R,$\theta$,1.0809422161564337,Ntg
755,b3c4.2,S1_L,$\alpha$,0.7804080132836676,Ntg
756,b3c4.2,S1_L,$\beta$,0.9853711122177518,Ntg
757,b3c4.2,S1_L,$\delta$,0.9477501801437377,Ntg
758,b3c4.2,S1_L,$\gamma$,1.0759164695092829,Ntg
759,b3c4.2,S1_L,$\theta$,1.0363375163232142,Ntg
760,b3c4.3,A1_L,$\alpha$,1.3249068784634714,Ntg
761,b3c4.3,A1_L,$\beta$,1.5631032213529916,Ntg
762,b3c4.3,A1_L,$\delta$,1.3873971552126827,Ntg
763,b3c4.3,A1_L,$\gamma$,1.0382410793756163,Ntg
764,b3c4.3,A1_L,$\theta$,1.3852252329604626,Ntg
765,b3c4.3,A1_R,$\alpha$,1.6672682326490063,Ntg
766,b3c4.3,A1_R,$\beta$,1.8126239060706677,Ntg
767,b3c4.3,A1_R,$\delta$,1.3874821271603397,Ntg
768,b3c4.3,A1_R,$\gamma$,1.0770499361129564,Ntg
769,b3c4.3,A1_R,$\theta$,1.6094082426047742,Ntg
770,b3c4.3,ACA_R,$\alpha$,1.4086919623964034,Ntg
771,b3c4.3,ACA_R,$\beta$,1.5201533894403927,Ntg
772,b3c4.3,ACA_R,$\delta$,0.6011154845245297,Ntg
773,b3c4.3,ACA_R,$\gamma$,1.0985341719239583,Ntg
774,b3c4.3,ACA_R,$\theta$,1.3572499289193414,Ntg
775,b3c4.3,AI_L,$\alpha$,1.3986370690590588,Ntg
776,b3c4.3,AI_L,$\beta$,1.4261176702296958,Ntg
777,b3c4.3,AI_L,$\delta$,1.2442996208597026,Ntg
778,b3c4.3,AI_L,$\gamma$,1.0334685154068946,Ntg
779,b3c4.3,AI_L,$\theta$,1.3938138503014974,Ntg
780,b3c4.3,AI_R,$\alpha$,1.4090846898524698,Ntg
781,b3c4.3,AI_R,$\beta$,1.5338039774032872,Ntg
782,b3c4.3,AI_R,$\delta$,1.1477807229321064,Ntg
783,b3c4.3,AI_R,$\gamma$,1.0223340709225777,Ntg
784,b3c4.3,AI_R,$\theta$,1.346739085551204,Ntg
785,b3c4.3,PCA_R,$\alpha$,1.2884818992348666,Ntg
786,b3c4.3,PCA_R,$\beta$,1.4073674118230544,Ntg
787,b3c4.3,PCA_R,$\delta$,1.2248979713743056,Ntg
788,b3c4.3,PCA_R,$\gamma$,0.99771724398202,Ntg
789,b3c4.3,PCA_R,$\theta$,1.3965658500241251,Ntg
790,b3c4.3,PMC_R,$\alpha$,1.2209207190122993,Ntg
791,b3c4.3,PMC_R,$\beta$,1.324477677298834,Ntg
792,b3c4.3,PMC_R,$\delta$,1.0637140900650446,Ntg
793,b3c4.3,PMC_R,$\gamma$,1.066998110864397,Ntg
794,b3c4.3,PMC_R,$\theta$,1.1979641877190095,Ntg
795,b3c4.3,S1_L,$\alpha$,1.30617189784083,Ntg
796,b3c4.3,S1_L,$\beta$,1.4210451574618819,Ntg
797,b3c4.3,S1_L,$\delta$,1.407262408330266,Ntg
798,b3c4.3,S1_L,$\gamma$,0.9993951016626139,Ntg
799,b3c4.3,S1_L,$\theta$,1.3991093369436778,Ntg
800,b3c4.4,A1_L,$\alpha$,0.7747580858673586,Ntg
801,b3c4.4,A1_L,$\beta$,1.1954723232253115,Ntg
802,b3c4.4,A1_L,$\delta$,1.2950305415023735,Ntg
803,b3c4.4,A1_L,$\gamma$,0.921026203636839,Ntg
804,b3c4.4,A1_L,$\theta$,0.9476546692134186,Ntg
805,b3c4.4,A1_R,$\alpha$,0.7303693281903454,Ntg
806,b3c4.4,A1_R,$\beta$,1.1946160263654497,Ntg
807,b3c4.4,A1_R,$\delta$,1.2137435870234852,Ntg
808,b3c4.4,A1_R,$\gamma$,0.884986609363645,Ntg
809,b3c4.4,A1_R,$\theta$,0.8929986624994386,Ntg
810,b3c4.4,ACA_R,$\alpha$,0.6627134140389591,Ntg
811,b3c4.4,ACA_R,$\beta$,1.1845833377428419,Ntg
812,b3c4.4,ACA_R,$\delta$,0.7952094752907083,Ntg
813,b3c4.4,ACA_R,$\gamma$,0.9558233630880427,Ntg
814,b3c4.4,ACA_R,$\theta$,0.7340144679717497,Ntg
815,b3c4.4,AI_L,$\alpha$,0.692654533558389,Ntg
816,b3c4.4,AI_L,$\beta$,1.2336309195114685,Ntg
817,b3c4.4,AI_L,$\delta$,0.8501320143946466,Ntg
818,b3c4.4,AI_L,$\gamma$,0.94234474588411,Ntg
819,b3c4.4,AI_L,$\theta$,0.7219406728491502,Ntg
820,b3c4.4,AI_R,$\alpha$,0.6529088697103065,Ntg
821,b3c4.4,AI_R,$\beta$,1.2073367218102453,Ntg
822,b3c4.4,AI_R,$\delta$,0.8545673838212505,Ntg
823,b3c4.4,AI_R,$\gamma$,0.9085578268760252,Ntg
824,b3c4.4,AI_R,$\theta$,0.7486614286244904,Ntg
825,b3c4.4,PCA_R,$\alpha$,0.7396362500748397,Ntg
826,b3c4.4,PCA_R,$\beta$,1.1816798144472367,Ntg
827,b3c4.4,PCA_R,$\delta$,1.1260276931345274,Ntg
828,b3c4.4,PCA_R,$\gamma$,0.9531650737701343,Ntg
829,b3c4.4,PCA_R,$\theta$,0.8539095457836842,Ntg
830,b3c4.4,PMC_R,$\alpha$,0.5602280329798861,Ntg
831,b3c4.4,PMC_R,$\beta$,1.2500185572888263,Ntg
832,b3c4.4,PMC_R,$\delta$,0.7571394018939145,Ntg
833,b3c4.4,PMC_R,$\gamma$,0.935770528280625,Ntg
834,b3c4.4,PMC_R,$\theta$,0.6670332270130119,Ntg
835,b3c4.4,S1_L,$\alpha$,0.692067014093572,Ntg
836,b3c4.4,S1_L,$\beta$,1.1727616013738225,Ntg
837,b3c4.4,S1_L,$\delta$,1.1694950827470574,Ntg
838,b3c4.4,S1_L,$\gamma$,0.9158545876014815,Ntg
839,b3c4.4,S1_L,$\theta$,0.8294579056734217,Ntg
